No.;name;Company Website;Date Added;Hiring Signal;Is a new company?
223;Scout Out;https://scoutout.ai/;Tuesday 13th, Jan;Unsure;Yes
222;Opalite Health;http://opalitehealth.com/;Tuesday 13th, Jan;Unsure;Yes
221;10x Science;https://10xscience.com;Tuesday 13th, Jan;Unsure;Yes
220;Ishiki Labs;https://www.ishikilabs.ai/;Tuesday 13th, Jan;Unsure;Yes
219;RunAnywhere;https://www.runanywhere.ai/;Thursday 1st, Jan;Low;Yes
218;Panta;https://pantainsure.com;Sunday 28th, Dec;Low;No
217;Lexius;https://www.lexius.ai;Sunday 28th, Dec;Low;No
216;Diksha Technologies;https://www.dikshatech.com;Sunday 28th, Dec;High;No
215;Atlas Copco Group;https://www.atlascopcogroup.com;Sunday 28th, Dec;High;No
214;Synechron;https://www.synechron.com/who-we-are;Sunday 28th, Dec;High;No
213;Bluelight;https://www.linkedin.com/company/bluelightco/people/;;Low;No
212;Launch Potato;https://www.linkedin.com/company/launchpotato/people/;;Low;No
211;ALLSTARSIT;https://www.linkedin.com/company/allstarsit/people/;;Low;No
210;Lumenalta;https://www.linkedin.com/company/lumenalta/people/;;Low;No
209;Avyre;https://www.linkedin.com/company/avyre/people/;;Low;No
208;Sparq;https://www.linkedin.com/company/teamsparq/people/;;Low;No
207;Plannatech;https://www.linkedin.com/company/plannatech/people/;;Low;No
206;Coforge;https://www.linkedin.com/company/coforge-tech/people/;;Low;No
205;Blackbaud;https://www.linkedin.com/company/blackbaud/people/;;Low;No
204;OfficeSpace Software;https://www.linkedin.com/company/officespace-software/people/;;Low;No
203;Backcountry;https://www.linkedin.com/company/backcountry/people/;;Low;No
202;Proxify;https://www.linkedin.com/company/proxify-se/people/;;Low;No
201;Excel Nearshore;https://www.linkedin.com/company/excelnearshore/;;Low;No
200;Wisevu;https://www.linkedin.com/company/wisevu/;;Low;No
199;Imprivata;https://www.linkedin.com/company/imprivata/people/;;Low;No
198;Precision AQ;https://www.linkedin.com/company/precision-aq/people/;;Low;No
197;Cargill;https://www.linkedin.com/company/cargill/people/;;Low;No
196;Bryant Park Consulting;https://www.linkedin.com/company/bryant-park-consulting/people/;;Low;No
195;Bring IT;https://www.linkedin.com/company/bringitps/people/;;Low;No
194;LeafLink;https://www.linkedin.com/company/leaflink/people/;;Low;No
193;HR Acuity;www.linkedin.com/company/hr-acuity/people/;;Low;No
192;WestRock Company;https://www.linkedin.com/company/westrockcompany/people/;;Low;No
191;One Inc;https://www.linkedin.com/company/one-inc/people/;;Low;No
190;Etsy;https://www.linkedin.com/company/etsy/people/;;Low;No
189;Linqia;https://www.linkedin.com/company/linqia/people/;;Low;No
188;Synergy Business Consulting, Inc.;https://www.linkedin.com/company/synergy-business-consulting-inc./people/;;Low;No
187;Resend;https://www.linkedin.com/company/resend/people/;;Low;No
186;Factored;https://www.linkedin.com/company/factoredai/people/;;Low;No
185;Abstra;https://www.linkedin.com/company/abstratech/people/;;Low;No
184;Confiz;https://www.linkedin.com/company/confiz/people/;;Low;No
183;Shrine Development;https://www.linkedin.com/company/shrinedev/people/;;Low;No
182;Platter;https://www.linkedin.com/company/getplatter/people/;;Low;No
181;Talkpush;https://www.linkedin.com/company/talkpush/people/;;Low;No
180;PLAYSTUDIOS;https://www.linkedin.com/company/playstudios/people/;;Low;No
179;Aimpoint Digital;https://www.linkedin.com/company/aimpoint-digital/people/;;Low;No
178;Upstart 13;https://www.linkedin.com/company/upstart13/people/;;Low;No
177;Propelus;https://www.linkedin.com/company/propelus-solutions/people/;;Low;No
176;OpenText;https://www.linkedin.com/company/opentext/people/;;Low;No
175;Fuse;https://www.linkedin.com/company/fuse-uk/people/;;Low;No
174;Acquia;https://www.linkedin.com/company/acquia/people/;;Low;No
173;LSEG;https://www.linkedin.com/company/london-stock-exchange-group/people/;;Low;No
172;Vanguard X;https://www.linkedin.com/company/vanguard-x/people/;;Low;No
171;Revolut;https://www.linkedin.com/company/revolut/people/;;Low;No
170;Zeta Global;https://www.linkedin.com/company/zetaglobal/people/;;Low;No
169;Omnicom;https://www.linkedin.com/company/omnicom/people/;;Low;No
168;Perform;https://www.linkedin.com/company/total-performance-consulting/people/;;Low;No
167;Andela;https://www.linkedin.com/company/andela/people/;;Low;No
166;Superside;https://www.linkedin.com/company/superside/people/;;Low;No
165;Automattic;https://www.linkedin.com/company/automattic/people/;;Low;No
164;Doist;https://www.linkedin.com/company/doist/people/;;Low;No
163;Brex;https://www.linkedin.com/company/brexhq/people/;;Low;No
162;SpotOn;https://www.linkedin.com/company/spoton/people/;;Low;No
161;Webflow;https://www.linkedin.com/company/webflow-inc-/people/;;Low;No
160;Jeeves;https://www.linkedin.com/company/tryjeeves/people/;;Low;No
159;Scalable Path;https://www.linkedin.com/company/scalable-path/people/;;Low;No
158;Coinbase;https://www.linkedin.com/company/coinbase/people/;;Low;No
157;Tether.io;https://www.linkedin.com/company/tether/people/;;Low;No
156;SmarterSelect;https://www.linkedin.com/company/smarterselect/people/;;Low;No
155;Chainalysis;https://www.linkedin.com/company/chainalysis/people/;;Low;No
154;TradeStation;https://www.linkedin.com/company/tradestation/people/;;Low;No
153;SurveyMonkey;https://www.linkedin.com/company/surveymonkey/people/;;Low;No
152;Sapiens Development;https://www.linkedin.com/company/sapiens-software/people/;;Low;No
151;FPT Latin America;https://www.linkedin.com/company/fpt-software-latam/people/;;Low;No
150;King Tide;https://www.linkedin.com/company/king-tide/people/;;Low;No
149;readymind;https://www.linkedin.com/company/readymind-it/people/;;Low;No
148;Raona;https://www.linkedin.com/company/raona/people/;;Low;No
147;SolutionStream;https://www.linkedin.com/company/solstr/people/;;Low;No
146;Kake;https://www.linkedin.com/company/kake/people/;;Low;No
145;Smartcat;https://www.linkedin.com/company/smartcatai/people/;;Low;No
144;GreenSlate;https://www.linkedin.com/company/thisisgslate/;;Low;No
143;Armis;https://www.linkedin.com/company/armis-security/people/;;Low;No
142;Netskope;https://www.linkedin.com/company/netskope/people/;;Low;No
141;Sumo Logic;https://www.linkedin.com/company/sumo-logic/people/;;Low;No
140;truData Solutions;https://www.linkedin.com/company/trudata/people/;;Low;No
139;Athenaworks;https://www.linkedin.com/company/athenaworks/people/;;Low;No
138;Envision Horizons;https://www.linkedin.com/company/envision-horizons/people/;;Low;No
137;Uptalent.io;https://www.linkedin.com/company/uptalent-io/people/;;Low;No
136;Adoreal;https://www.linkedin.com/company/adoreal-official/people/;;Low;No
135;Sparkrock;https://www.linkedin.com/company/sparkrock/people/;;Low;No
134;TreviPay;https://www.linkedin.com/company/trevipay/people/;;Low;No
133;Parallelz;https://www.linkedin.com/company/parallelz/people/;;Low;No
132;Salvo Software;https://www.linkedin.com/company/salvosoftware/people/;;Low;No
131;LunaJoy Health;https://www.linkedin.com/company/lunajoyhealth/people/;;Low;No
130;UA Brands (Uniform Advantage Brands);https://www.linkedin.com/company/uniform-advantage/people/;;Low;No
129;Delbridge Solutions;https://www.linkedin.com/company/delbridge-solutions/people/;;Low;No
128;FusionHit;https://www.linkedin.com/company/fusionhit/people/;;Low;No
127;ASAPP;https://www.linkedin.com/company/asappco/people/;;Low;No
126;Swimlane;https://www.linkedin.com/company/swimlane/people/;;Low;No
125;HTD Health;https://www.linkedin.com/company/htd-health/people/;;Low;No
124;Redis;https://www.linkedin.com/company/redisinc/people/;;Low;No
123;Autodesk;https://www.linkedin.com/company/autodesk/people/;;Low;No
122;Pythian;https://www.linkedin.com/company/pythian/people/;;Low;No
121;Xseed Solutions;https://www.linkedin.com/company/xseed-solutions/people/;;Low;No
120;Wunderman Thompson;https://www.linkedin.com/company/wunderman-thompson-/people/;;Low;No
119;Tebra;https://www.linkedin.com/company/tebra/people/;;Low;No
118;number 8 solutions;https://www.linkedin.com/company/number-8-solutions/people/;;Low;No
117;Acronis;https://www.linkedin.com/company/acronis/people/;;Low;No
116;Nearform;https://www.linkedin.com/company/nearform/people/;;Low;No
115;Bitso;https://www.linkedin.com/company/bitso/people/;;Low;No
114;Rocket.Chat;https://www.linkedin.com/company/rocket-chat/people/;;Low;No
113;MindCloud;https://www.linkedin.com/company/yourmindcloud/people/;;Low;No
112;Rec Technologies;https://www.linkedin.com/company/rec-technologies/people/;;Low;No
111;Braze;https://www.linkedin.com/company/braze/people/;;Low;No
110;C3 AI;https://www.linkedin.com/company/c3-ai-enterprise-ai/people/;;Low;No
109;Tendo;https://www.linkedin.com/company/tendo-connects/people/;;Low;No
108;EarnIn;https://www.linkedin.com/company/earnin/people/;;Low;No
107;Fictiv;https://www.linkedin.com/company/fictiv/people/;;Low;No
106;Brightcove;https://www.linkedin.com/company/brightcove/people/;;Low;No
105;Gainwell Technologies;https://www.linkedin.com/company/gainwell-technologies/people/;;Low;No
104;ActiveCampaign;https://www.linkedin.com/company/activecampaign/people/;;Low;No
103;MLabs;https://www.linkedin.com/company/mlabsconsulting/people/;;Low;No
102;Avalith;https://www.linkedin.com/company/avalith-net/people/;;Low;No
101;OpenWorks;https://www.linkedin.com/company/openworks-staff-augmentation/people/;;Low;No
100;Rooam;https://www.linkedin.com/company/rooam/people/;;Low;No
99;Backblaze;https://www.linkedin.com/company/backblaze/people/;;Low;No
98;Liferaft;https://www.linkedin.com/company/liferaftlabs/people/;;Low;No
97;Pure Storage;https://www.linkedin.com/company/purestorage/people/;;Low;No
96;Forte Group;https://www.linkedin.com/company/fortegroup/people/;;Low;No
95;Vinta Software;https://www.linkedin.com/company/vintasoftware/people/;;Low;No
94;DreamDev;https://www.linkedin.com/company/dreamdevio/people/;;Low;No
93;Algotive;https://www.linkedin.com/company/algotive/people/;;Low;No
92;Plusgrade;https://www.linkedin.com/company/plusgrade/people/;;Low;No
91;Graphite;https://www.linkedin.com/company/graphitehq/people/;;Low;No
90;XumaK;https://www.linkedin.com/company/xumak/people/;;Low;No
89;RxSense;https://www.linkedin.com/company/rxsense/people/;;Low;No
88;Valor Software;https://www.linkedin.com/company/valor-software/people/;;Low;No
87;Grandata;https://www.linkedin.com/company/grandata/people/;;Low;No
86;Capital One;https://www.linkedin.com/company/capital-one/people/;;Low;No
85;Simon AI;https://www.linkedin.com/company/simon-ai-the-agentic-marketing-platform/people/;;Low;No
84;Summit Digital Group;https://www.linkedin.com/company/summitdigital/people/;;Low;No
83;Sola Wood Flowers;https://www.linkedin.com/company/sola-wood-flowers-usa/people/;;Low;No
82;Cohesity;https://www.linkedin.com/company/cohesity/people/;;Low;No
81;Orion Global Solutions;https://www.linkedin.com/company/orion-global-solutions/people/;;Low;No
80;VeriPark;https://www.linkedin.com/company/veripark/;;Low;No
79;iSeatz;https://www.linkedin.com/company/iseatz/people/;;Low;No
78;RevenueCat;https://www.linkedin.com/company/revenuecat/people/;;Low;No
77;BetterUp;https://www.linkedin.com/company/betterup/people/;;Low;No
76;Blue Alba;https://www.linkedin.com/company/blue-alba/people/;;Low;No
75;Ensolvers;https://www.linkedin.com/company/ensolvers/people/;;Low;No
74;Evolve Squads;https://www.linkedin.com/company/evolvesquads/people/;;Low;No
73;ImagineX Studio - Costa Rica;https://www.linkedin.com/company/imaginexstudiocr/people/;;Low;No
72;Hangar Worldwide;https://www.linkedin.com/company/criticalmasslatam/people/;;Low;No
71;OatFi;https://www.linkedin.com/company/oat-financial/people/;;Low;No
70;Quartile;https://www.linkedin.com/company/quartiledigital/people/;;Low;No
69;Zemoga;https://www.linkedin.com/company/zemoga/people/;;Low;No
68;Linnworks;https://www.linkedin.com/company/linnworks/people/;;Low;No
67;Inviqa - A Havas Company;https://www.linkedin.com/company/inviqa/people/;;Low;No
66;Jellyfish;https://www.linkedin.com/company/jellyfish-co/people/;;Low;No
65;Thought Machine;https://www.linkedin.com/company/thought-machine/people/;;Low;No
64;Mambu;https://www.linkedin.com/company/mambu/people/;;Low;No
63;Hansen Technologies;https://www.linkedin.com/company/hansen-technologies/people/;;Low;No
62;Brocsoft;https://www.linkedin.com/company/brocsoft/people/;;Low;No
61;Fulcrum;https://www.linkedin.com/company/fulcrum-mobile-data-collection/people/;;Low;No
60;Airfinity Ltd;https://www.linkedin.com/company/airfinity-ltd/people/;;Low;No
59;Team Liquid;https://www.linkedin.com/company/teamliquid-enterprises-llc/people/;;Low;No
58;Monks Technology Services;https://www.linkedin.com/company/monkstechservices/people/;;Low;No
57;TheoremOne;https://www.linkedin.com/company/theoremone/people/;;Low;No
56;Modus Create;https://www.linkedin.com/company/modus-create/people/;;Low;No
55;CallMiner;https://www.linkedin.com/company/callminer/people/;;Low;No
54;Crossover;https://www.linkedin.com/company/crossover/people/;;Low;No
53;WebRTC.ventures;https://www.linkedin.com/company/webrtc-ventures/people/;;Low;No
52;Visma;https://www.linkedin.com/company/visma/people/;;Low;No
51;Focus Services;https://www.linkedin.com/company/focus-services/people/;;Low;No
50;Crewfare;https://www.linkedin.com/company/crewfare/people/;;Low;No
49;IP Pathways;https://www.linkedin.com/company/ip-pathways/people/;;Low;No
48;Ledn;https://www.linkedin.com/company/ledn-inc/people/;;Low;No
47;DevBase;https://www.linkedin.com/company/mydevbase/people/;;Low;No
46;Band of Coders;https://www.linkedin.com/company/band-of-coders/people/;;Low;No
45;Amoeb AI;https://www.linkedin.com/company/amoeb-ai/people/;;Low;No
44;FundThrough;https://www.linkedin.com/company/fundthrough/people/;;Low;No
43;Fluxon;https://www.linkedin.com/company/fluxon/people/;;Low;No
42;JPG Store;https://www.linkedin.com/company/jpgstore/people/;;Low;No
41;Infodat;https://www.linkedin.com/company/infodatinc/people/;;Low;No
40;sFOX;https://www.linkedin.com/company/sfox/people/;;Low;No
39;Riverside;https://www.linkedin.com/company/riverside-fm/people/;;Low;No
38;Solvd, Inc.;https://www.linkedin.com/company/solvdinc/people/;;Low;No
37;LoopStudio;https://www.linkedin.com/company/loopstudio-dev/;;Low;No
36;Constellation;https://www.linkedin.com/company/hello-constellation/people/;;Low;No
35;Block;https://www.linkedin.com/company/joinblock/people/;;Low;No
34;Zendesk;https://www.linkedin.com/company/zendesk/people/;;Low;No
33;Rewind;https://www.linkedin.com/company/rewind-io/people/;;Low;No
32;RedCloud;https://www.linkedin.com/company/redcloud-it/people/;;Low;No
31;Shockdav;https://www.linkedin.com/company/shockdav/people/;;Low;No
30;InEvent;https://www.linkedin.com/company/ineventapp/people/;;Low;No
29;Hudson Talent Solutions;https://www.linkedin.com/company/hudson-talent-solutions/people/;;Low;No
28;Runflow;https://www.linkedin.com/company/runflowai/people/;;Low;No
27;Thoropass;https://www.linkedin.com/company/thoropass/people/;;Low;No
26;Perseus Group, Constellation Software;https://www.linkedin.com/company/perseus-group-constellation-software-inc/people/;;Low;No
25;Safari AI;https://www.linkedin.com/company/safariai/people/;;Low;No
24;BAL;https://www.linkedin.com/company/bal-llp/people/;;Low;No
23;Checkr, Inc.;https://www.linkedin.com/company/checkr-com/people/;;Low;No
22;Manhattan Associates;https://www.linkedin.com/company/manhattan-associates/people/;;Low;No
21;Rippling;https://www.linkedin.com/company/rippling/people/;;Low;No
20;Pretty Technical;https://www.linkedin.com/company/pretty-technical/people/;;Low;No
19;BayAreaGraphics;https://www.linkedin.com/company/bay-area-graphics-2004/people/;;Low;No
18;GrapeData;https://www.linkedin.com/company/grapedata/;;Low;No
17;Develative;https://www.linkedin.com/company/develative/;;Low;No
16;AxionOrbital Space;https://axionorbital.space/;;Low;No
15;Travo;https://www.travoai.com/;;Low;No
14;Prana;https://pranahealth.io;;Low;No
13;Ressl AI;https://ressl.ai;;Low;No
12;Northern Base;https://northern-base.com/;;High;No
11;Technocrafts, Inc.;http://www.tcsin.com;;High;No
10;Arthrex Inc.;https://careers.arthrex.com/;;High;No
9;Techim INC;http://techim.ca;;High;No
8;Lusso Tech LLC;https://lussotech.com/;;Low;No
7;eSolutionsFirst, LLC;https://esolutionsfirst.com/;;High;No
6;aptlogix LLC;https://aptlogix.com/;;High;No
5;Visionary Integration Professionals;https://trustvip.com/;;Low;No
4;Gainwell Technologies LLC;https://www.gainwelltechnologies.com/careers/;;Low;No
3;DoorDash;http://doordash.com;;Low;No
2;Airbnb;http://airbnb.com;;Low;No
1;Oklo;http://oklo.com;;Low;No
